X,CH1,CH2,Start,Increment,
Sequence,Volt,Volt,-3.500000e-02,5.000000e-05,
0,8.125000e-03,8.750000e-03,
1,8.125000e-03,8.750000e-03,
2,7.500000e-03,9.374999e-03,
3,7.500000e-03,9.374999e-03,
4,7.500000e-03,1.000000e-02,
5,7.500000e-03,1.062500e-02,
6,7.500000e-03,1.187500e-02,
7,7.500000e-03,1.187500e-02,
8,6.875000e-03,1.187500e-02,
9,6.875000e-03,1.250000e-02,
10,7.500000e-03,1.312500e-02,
11,6.875000e-03,1.312500e-02,
12,7.500000e-03,1.375000e-02,
13,7.500000e-03,1.312500e-02,
14,6.875000e-03,1.437500e-02,
15,5.625000e-03,1.500000e-02,
16,4.375000e-03,1.562500e-02,
17,3.750000e-03,1.687500e-02,
18,3.750000e-03,1.750000e-02,
19,3.750000e-03,1.812500e-02,
20,3.125000e-03,1.812500e-02,
21,3.125000e-03,1.812500e-02,
22,2.500000e-03,1.875000e-02,
23,3.125000e-03,1.875000e-02,
24,3.125000e-03,1.875000e-02,
25,2.500000e-03,1.875000e-02,
26,3.125000e-03,1.875000e-02,
27,3.125000e-03,1.812500e-02,
28,3.750000e-03,1.812500e-02,
29,3.750000e-03,1.750000e-02,
30,3.750000e-03,1.750000e-02,
31,4.375000e-03,1.687500e-02,
32,4.375000e-03,1.625000e-02,
33,5.000000e-03,1.625000e-02,
34,5.000000e-03,1.562500e-02,
35,5.625000e-03,1.437500e-02,
36,5.625000e-03,1.375000e-02,
37,6.250000e-03,1.312500e-02,
38,6.875000e-03,1.187500e-02,
39,6.250000e-03,1.062500e-02,
40,5.625000e-03,1.062500e-02,
41,6.250000e-03,1.000000e-02,
42,8.125000e-03,1.000000e-02,
43,8.125000e-03,1.000000e-02,
44,8.750000e-03,8.125000e-03,
45,8.750000e-03,7.500000e-03,
46,8.750000e-03,6.875000e-03,
47,8.750000e-03,6.250000e-03,
48,1.000000e-02,5.625000e-03,
49,1.062500e-02,5.000000e-03,
50,1.062500e-02,4.375000e-03,
51,1.125000e-02,3.125000e-03,
52,1.125000e-02,2.500000e-03,
53,1.125000e-02,1.875000e-03,
54,1.187500e-02,1.875000e-03,
55,1.250000e-02,1.250000e-03,
56,1.187500e-02,6.250000e-04,
57,1.250000e-02,0.000000e+00,
58,1.250000e-02,0.000000e+00,
59,1.250000e-02,-6.250000e-04,
60,1.250000e-02,-6.250000e-04,
61,1.312500e-02,-1.250000e-03,
62,1.312500e-02,-6.250000e-04,
63,1.312500e-02,-6.250000e-04,
64,1.312500e-02,-6.250000e-04,
65,1.312500e-02,-6.250000e-04,
66,1.312500e-02,-6.250000e-04,
67,1.250000e-02,-6.250000e-04,
68,1.250000e-02,-6.250000e-04,
69,1.250000e-02,0.000000e+00,
70,1.250000e-02,6.250000e-04,
71,1.250000e-02,1.250000e-03,
72,1.187500e-02,1.250000e-03,
73,1.125000e-02,1.875000e-03,
74,1.125000e-02,2.500000e-03,
75,1.062500e-02,3.125000e-03,
76,1.000000e-02,4.375000e-03,
77,1.000000e-02,5.000000e-03,
78,9.374999e-03,5.625000e-03,
79,9.374999e-03,6.250000e-03,
80,8.750000e-03,6.875000e-03,
81,8.750000e-03,8.125000e-03,
82,8.125000e-03,8.750000e-03,
83,8.125000e-03,8.750000e-03,
84,7.500000e-03,9.374999e-03,
85,7.500000e-03,1.000000e-02,
86,6.875000e-03,1.125000e-02,
87,6.250000e-03,1.187500e-02,
88,6.250000e-03,1.312500e-02,
89,5.625000e-03,1.312500e-02,
90,6.250000e-03,1.375000e-02,
91,6.250000e-03,1.437500e-02,
92,5.000000e-03,1.562500e-02,
93,4.375000e-03,1.625000e-02,
94,4.375000e-03,1.687500e-02,
95,4.375000e-03,1.687500e-02,
96,4.375000e-03,1.750000e-02,
97,4.375000e-03,1.750000e-02,
98,3.125000e-03,1.812500e-02,
99,3.750000e-03,1.875000e-02,
100,3.125000e-03,1.875000e-02,
101,3.125000e-03,1.875000e-02,
102,3.125000e-03,1.875000e-02,
103,3.125000e-03,1.875000e-02,
104,3.750000e-03,1.875000e-02,
105,3.750000e-03,1.875000e-02,
106,3.750000e-03,1.812500e-02,
107,3.750000e-03,1.812500e-02,
108,4.375000e-03,1.750000e-02,
109,3.750000e-03,1.750000e-02,
110,3.750000e-03,1.750000e-02,
111,4.375000e-03,1.625000e-02,
112,4.375000e-03,1.625000e-02,
113,5.000000e-03,1.500000e-02,
114,5.000000e-03,1.500000e-02,
115,5.625000e-03,1.437500e-02,
116,5.625000e-03,1.375000e-02,
117,6.250000e-03,1.312500e-02,
118,6.875000e-03,1.250000e-02,
119,6.875000e-03,1.125000e-02,
120,7.500000e-03,1.062500e-02,
121,8.125000e-03,1.000000e-02,
122,8.125000e-03,8.750000e-03,
123,8.125000e-03,8.750000e-03,
124,8.125000e-03,8.125000e-03,
125,8.750000e-03,7.500000e-03,
126,8.750000e-03,6.250000e-03,
127,1.062500e-02,5.625000e-03,
128,1.062500e-02,4.375000e-03,
129,1.062500e-02,3.750000e-03,
130,1.125000e-02,3.125000e-03,
131,1.125000e-02,2.500000e-03,
132,1.062500e-02,1.875000e-03,
133,1.187500e-02,1.875000e-03,
134,1.187500e-02,6.250000e-04,
135,1.250000e-02,0.000000e+00,
136,1.312500e-02,0.000000e+00,
137,1.250000e-02,-6.250000e-04,
138,1.312500e-02,-6.250000e-04,
139,1.375000e-02,-1.250000e-03,
140,1.375000e-02,-1.250000e-03,
141,1.375000e-02,-1.875000e-03,
142,1.375000e-02,-1.875000e-03,
143,1.312500e-02,-1.250000e-03,
144,1.375000e-02,-1.250000e-03,
145,1.312500e-02,-1.250000e-03,
146,1.312500e-02,-1.250000e-03,
147,1.312500e-02,-1.250000e-03,
148,1.250000e-02,-6.250000e-04,
149,1.250000e-02,0.000000e+00,
150,1.250000e-02,6.250000e-04,
151,1.250000e-02,6.250000e-04,
152,1.187500e-02,1.250000e-03,
153,1.125000e-02,1.875000e-03,
154,1.000000e-02,2.500000e-03,
155,1.000000e-02,3.125000e-03,
156,1.062500e-02,4.375000e-03,
157,1.000000e-02,4.375000e-03,
158,1.000000e-02,6.250000e-03,
159,9.374999e-03,6.250000e-03,
160,8.125000e-03,6.875000e-03,
161,8.125000e-03,7.500000e-03,
162,8.125000e-03,8.125000e-03,
163,8.125000e-03,8.125000e-03,
164,8.125000e-03,9.374999e-03,
165,7.500000e-03,1.000000e-02,
166,7.500000e-03,1.062500e-02,
167,7.500000e-03,1.125000e-02,
168,7.500000e-03,1.187500e-02,
169,6.250000e-03,1.250000e-02,
170,6.250000e-03,1.312500e-02,
171,5.000000e-03,1.375000e-02,
172,5.625000e-03,1.437500e-02,
173,5.000000e-03,1.562500e-02,
174,3.125000e-03,1.625000e-02,
175,3.750000e-03,1.750000e-02,
176,4.375000e-03,1.750000e-02,
177,3.750000e-03,1.687500e-02,
178,3.125000e-03,1.812500e-02,
179,2.500000e-03,1.812500e-02,
180,2.500000e-03,1.875000e-02,
181,3.125000e-03,1.937500e-02,
182,3.125000e-03,1.875000e-02,
183,4.375000e-03,1.875000e-02,
184,4.375000e-03,1.812500e-02,
185,4.375000e-03,1.812500e-02,
186,3.750000e-03,1.812500e-02,
187,4.375000e-03,1.750000e-02,
188,3.750000e-03,1.687500e-02,
189,4.375000e-03,1.750000e-02,
190,5.000000e-03,1.687500e-02,
191,5.000000e-03,1.625000e-02,
192,5.625000e-03,1.625000e-02,
193,5.000000e-03,1.562500e-02,
194,5.625000e-03,1.500000e-02,
195,5.625000e-03,1.437500e-02,
196,6.250000e-03,1.312500e-02,
197,6.250000e-03,1.250000e-02,
198,6.250000e-03,1.187500e-02,
199,7.500000e-03,1.125000e-02,
200,8.125000e-03,1.125000e-02,
201,8.125000e-03,1.000000e-02,
202,8.125000e-03,8.750000e-03,
203,8.125000e-03,8.750000e-03,
204,8.125000e-03,8.125000e-03,
205,8.125000e-03,7.500000e-03,
206,8.125000e-03,6.875000e-03,
207,8.125000e-03,6.250000e-03,
208,8.125000e-03,6.250000e-03,
209,8.125000e-03,5.625000e-03,
210,8.125000e-03,5.625000e-03,
211,8.125000e-03,5.625000e-03,
212,7.500000e-03,5.000000e-03,
213,7.500000e-03,5.000000e-03,
214,8.750000e-03,5.000000e-03,
215,1.000000e-02,3.750000e-03,
216,1.187500e-02,2.500000e-03,
217,1.187500e-02,1.250000e-03,
218,1.187500e-02,6.250000e-04,
219,1.187500e-02,0.000000e+00,
220,1.250000e-02,6.250000e-04,
221,1.312500e-02,0.000000e+00,
222,1.312500e-02,-6.250000e-04,
223,1.312500e-02,-6.250000e-04,
224,1.312500e-02,-6.250000e-04,
225,1.312500e-02,-6.250000e-04,
226,1.312500e-02,-6.250000e-04,
227,1.250000e-02,-6.250000e-04,
228,1.250000e-02,0.000000e+00,
229,1.187500e-02,0.000000e+00,
230,1.125000e-02,6.250000e-04,
231,1.187500e-02,1.250000e-03,
232,1.125000e-02,1.250000e-03,
233,1.125000e-02,2.500000e-03,
234,1.062500e-02,3.125000e-03,
235,1.062500e-02,3.750000e-03,
236,1.000000e-02,4.375000e-03,
237,1.000000e-02,5.000000e-03,
238,9.374999e-03,5.625000e-03,
239,9.374999e-03,6.875000e-03,
240,1.000000e-02,7.500000e-03,
241,9.374999e-03,7.500000e-03,
242,8.125000e-03,8.750000e-03,
243,8.125000e-03,8.750000e-03,
244,6.875000e-03,1.000000e-02,
245,6.875000e-03,1.062500e-02,
246,6.875000e-03,1.125000e-02,
247,6.250000e-03,1.125000e-02,
248,6.250000e-03,1.187500e-02,
249,5.625000e-03,1.312500e-02,
250,5.000000e-03,1.375000e-02,
251,5.000000e-03,1.500000e-02,
252,4.375000e-03,1.562500e-02,
253,4.375000e-03,1.562500e-02,
254,4.375000e-03,1.687500e-02,
255,3.750000e-03,1.750000e-02,
256,3.750000e-03,1.750000e-02,
257,3.125000e-03,1.812500e-02,
258,3.125000e-03,1.875000e-02,
259,2.500000e-03,1.812500e-02,
260,3.125000e-03,1.875000e-02,
261,2.500000e-03,1.937500e-02,
262,2.500000e-03,1.937500e-02,
263,2.500000e-03,1.937500e-02,
264,2.500000e-03,1.875000e-02,
265,2.500000e-03,1.937500e-02,
266,2.500000e-03,1.937500e-02,
267,3.125000e-03,1.875000e-02,
268,2.500000e-03,1.875000e-02,
269,2.500000e-03,1.812500e-02,
270,3.750000e-03,1.812500e-02,
271,3.125000e-03,1.750000e-02,
272,3.125000e-03,1.687500e-02,
273,3.750000e-03,1.625000e-02,
274,3.750000e-03,1.562500e-02,
275,4.375000e-03,1.562500e-02,
276,5.000000e-03,1.437500e-02,
277,5.625000e-03,1.375000e-02,
278,5.625000e-03,1.312500e-02,
279,6.250000e-03,1.250000e-02,
280,6.250000e-03,1.125000e-02,
281,6.875000e-03,1.125000e-02,
282,7.500000e-03,1.000000e-02,
283,7.500000e-03,1.000000e-02,
284,7.500000e-03,9.374999e-03,
285,8.125000e-03,8.750000e-03,
286,8.750000e-03,7.500000e-03,
287,8.750000e-03,6.875000e-03,
288,9.374999e-03,6.250000e-03,
289,9.374999e-03,5.625000e-03,
290,9.374999e-03,5.000000e-03,
291,1.000000e-02,4.375000e-03,
292,1.062500e-02,3.750000e-03,
293,1.125000e-02,3.125000e-03,
294,1.125000e-02,2.500000e-03,
295,1.062500e-02,1.875000e-03,
296,1.062500e-02,1.250000e-03,
297,1.125000e-02,1.250000e-03,
298,1.187500e-02,1.250000e-03,
299,1.187500e-02,6.250000e-04,
300,1.250000e-02,6.250000e-04,
301,1.250000e-02,0.000000e+00,
302,1.250000e-02,0.000000e+00,
303,1.187500e-02,-6.250000e-04,
304,1.187500e-02,0.000000e+00,
305,1.187500e-02,0.000000e+00,
306,1.187500e-02,0.000000e+00,
307,1.187500e-02,6.250000e-04,
308,1.125000e-02,6.250000e-04,
309,1.187500e-02,6.250000e-04,
310,1.187500e-02,1.250000e-03,
311,1.125000e-02,1.875000e-03,
312,1.062500e-02,1.875000e-03,
313,1.000000e-02,3.125000e-03,
314,1.000000e-02,3.750000e-03,
315,1.000000e-02,4.375000e-03,
316,1.000000e-02,5.000000e-03,
317,9.374999e-03,5.625000e-03,
318,9.374999e-03,6.875000e-03,
319,8.750000e-03,7.500000e-03,
320,8.125000e-03,7.500000e-03,
321,8.125000e-03,9.374999e-03,
322,7.500000e-03,1.000000e-02,
323,7.500000e-03,1.000000e-02,
324,7.500000e-03,1.062500e-02,
325,7.500000e-03,1.187500e-02,
326,6.250000e-03,1.250000e-02,
327,6.250000e-03,1.312500e-02,
328,5.625000e-03,1.375000e-02,
329,4.375000e-03,1.437500e-02,
330,4.375000e-03,1.562500e-02,
331,5.000000e-03,1.625000e-02,
332,5.000000e-03,1.687500e-02,
333,3.750000e-03,1.687500e-02,
334,3.750000e-03,1.750000e-02,
335,3.125000e-03,1.812500e-02,
336,3.125000e-03,1.937500e-02,
337,3.125000e-03,1.875000e-02,
338,3.125000e-03,1.937500e-02,
339,2.500000e-03,2.000000e-02,
340,1.875000e-03,2.000000e-02,
341,2.500000e-03,2.062500e-02,
342,2.500000e-03,2.062500e-02,
343,2.500000e-03,2.062500e-02,
344,2.500000e-03,2.062500e-02,
345,1.875000e-03,2.000000e-02,
346,1.875000e-03,2.000000e-02,
347,2.500000e-03,2.000000e-02,
348,3.125000e-03,2.000000e-02,
349,3.125000e-03,1.937500e-02,
350,3.125000e-03,1.875000e-02,
351,3.125000e-03,1.875000e-02,
352,3.750000e-03,1.812500e-02,
353,4.375000e-03,1.750000e-02,
354,5.000000e-03,1.687500e-02,
355,5.000000e-03,1.562500e-02,
356,5.000000e-03,1.500000e-02,
357,5.000000e-03,1.437500e-02,
358,5.625000e-03,1.375000e-02,
359,5.625000e-03,1.312500e-02,
360,6.875000e-03,1.187500e-02,
361,6.875000e-03,1.125000e-02,
362,6.875000e-03,1.062500e-02,
363,6.875000e-03,1.062500e-02,
364,7.500000e-03,9.374999e-03,
365,8.125000e-03,8.750000e-03,
366,8.125000e-03,8.125000e-03,
367,8.750000e-03,7.500000e-03,
368,9.374999e-03,6.875000e-03,
369,8.750000e-03,6.250000e-03,
370,9.374999e-03,5.625000e-03,
371,1.000000e-02,5.000000e-03,
372,1.000000e-02,4.375000e-03,
373,1.125000e-02,3.750000e-03,
374,1.250000e-02,2.500000e-03,
375,1.250000e-02,2.500000e-03,
376,1.062500e-02,1.250000e-03,
377,1.125000e-02,1.250000e-03,
378,1.250000e-02,1.250000e-03,
379,1.250000e-02,0.000000e+00,
380,1.312500e-02,0.000000e+00,
381,1.312500e-02,0.000000e+00,
382,1.250000e-02,-6.250000e-04,
383,1.187500e-02,0.000000e+00,
384,1.125000e-02,6.250000e-04,
385,1.125000e-02,6.250000e-04,
386,1.187500e-02,6.250000e-04,
387,1.250000e-02,1.250000e-03,
388,1.187500e-02,1.250000e-03,
389,1.187500e-02,1.250000e-03,
390,1.062500e-02,1.875000e-03,
391,1.125000e-02,2.500000e-03,
392,1.125000e-02,3.750000e-03,
393,1.000000e-02,3.750000e-03,
394,1.062500e-02,4.375000e-03,
395,1.000000e-02,4.375000e-03,
396,9.374999e-03,5.000000e-03,
397,9.374999e-03,6.250000e-03,
398,9.374999e-03,6.250000e-03,
399,8.750000e-03,6.875000e-03,
400,8.750000e-03,8.125000e-03,
401,8.125000e-03,8.125000e-03,
402,8.125000e-03,8.750000e-03,
403,8.125000e-03,8.750000e-03,
404,8.125000e-03,1.000000e-02,
405,7.500000e-03,1.062500e-02,
406,7.500000e-03,1.125000e-02,
407,7.500000e-03,1.187500e-02,
408,7.500000e-03,1.187500e-02,
409,7.500000e-03,1.250000e-02,
410,7.500000e-03,1.312500e-02,
411,7.500000e-03,1.312500e-02,
412,8.125000e-03,1.375000e-02,
413,7.500000e-03,1.375000e-02,
414,6.250000e-03,1.375000e-02,
415,5.000000e-03,1.500000e-02,
416,3.750000e-03,1.562500e-02,
417,3.125000e-03,1.687500e-02,
418,3.125000e-03,1.687500e-02,
419,3.125000e-03,1.812500e-02,
420,3.125000e-03,1.812500e-02,
421,3.125000e-03,1.875000e-02,
422,2.500000e-03,1.937500e-02,
423,2.500000e-03,1.875000e-02,
424,3.125000e-03,1.937500e-02,
425,3.125000e-03,1.937500e-02,
426,3.125000e-03,1.937500e-02,
427,3.125000e-03,1.875000e-02,
428,3.750000e-03,1.875000e-02,
429,3.750000e-03,1.875000e-02,
430,4.375000e-03,1.812500e-02,
431,3.750000e-03,1.750000e-02,
432,3.750000e-03,1.687500e-02,
433,5.000000e-03,1.687500e-02,
434,5.000000e-03,1.625000e-02,
435,5.625000e-03,1.562500e-02,
436,5.625000e-03,1.437500e-02,
437,6.250000e-03,1.375000e-02,
438,6.250000e-03,1.312500e-02,
439,6.250000e-03,1.187500e-02,
440,6.250000e-03,1.125000e-02,
441,6.250000e-03,1.125000e-02,
442,8.125000e-03,1.062500e-02,
443,8.125000e-03,1.062500e-02,
444,8.750000e-03,8.750000e-03,
445,8.750000e-03,8.125000e-03,
446,8.750000e-03,7.500000e-03,
447,8.750000e-03,6.875000e-03,
448,9.374999e-03,6.250000e-03,
449,1.062500e-02,5.625000e-03,
450,1.062500e-02,4.375000e-03,
451,1.125000e-02,4.375000e-03,
452,1.125000e-02,3.125000e-03,
453,1.187500e-02,3.125000e-03,
454,1.187500e-02,2.500000e-03,
455,1.187500e-02,1.875000e-03,
456,1.250000e-02,1.250000e-03,
457,1.250000e-02,6.250000e-04,
458,1.250000e-02,0.000000e+00,
459,1.312500e-02,0.000000e+00,
460,1.312500e-02,0.000000e+00,
461,1.312500e-02,-6.250000e-04,
462,1.312500e-02,-6.250000e-04,
463,1.312500e-02,-6.250000e-04,
464,1.250000e-02,-1.250000e-03,
465,1.375000e-02,-6.250000e-04,
466,1.312500e-02,-6.250000e-04,
467,1.312500e-02,-6.250000e-04,
468,1.250000e-02,-6.250000e-04,
469,1.250000e-02,-6.250000e-04,
470,1.250000e-02,0.000000e+00,
471,1.250000e-02,6.250000e-04,
472,1.250000e-02,1.250000e-03,
473,1.187500e-02,1.875000e-03,
474,1.125000e-02,1.875000e-03,
475,1.062500e-02,2.500000e-03,
476,1.062500e-02,3.750000e-03,
477,1.000000e-02,4.375000e-03,
478,1.000000e-02,5.000000e-03,
479,1.000000e-02,6.250000e-03,
480,9.374999e-03,6.875000e-03,
481,8.750000e-03,7.500000e-03,
482,8.750000e-03,8.750000e-03,
483,8.750000e-03,8.750000e-03,
484,8.125000e-03,8.750000e-03,
485,7.500000e-03,1.000000e-02,
486,7.500000e-03,1.125000e-02,
487,6.875000e-03,1.125000e-02,
488,6.875000e-03,1.250000e-02,
489,6.875000e-03,1.312500e-02,
490,6.250000e-03,1.375000e-02,
491,6.250000e-03,1.437500e-02,
492,5.625000e-03,1.500000e-02,
493,5.000000e-03,1.562500e-02,
494,5.000000e-03,1.687500e-02,
495,5.000000e-03,1.687500e-02,
496,5.000000e-03,1.750000e-02,
497,5.000000e-03,1.750000e-02,
498,3.750000e-03,1.750000e-02,
499,3.750000e-03,1.812500e-02,
500,3.750000e-03,1.875000e-02,
501,3.750000e-03,1.875000e-02,
502,3.750000e-03,1.875000e-02,
503,3.750000e-03,1.875000e-02,
504,3.750000e-03,1.875000e-02,
505,3.750000e-03,1.875000e-02,
506,3.750000e-03,1.875000e-02,
507,3.750000e-03,1.812500e-02,
508,3.750000e-03,1.750000e-02,
509,3.125000e-03,1.750000e-02,
510,3.750000e-03,1.750000e-02,
511,5.000000e-03,1.750000e-02,
512,5.000000e-03,1.687500e-02,
513,5.625000e-03,1.625000e-02,
514,5.625000e-03,1.562500e-02,
515,5.625000e-03,1.500000e-02,
516,5.625000e-03,1.437500e-02,
517,6.250000e-03,1.375000e-02,
518,6.250000e-03,1.312500e-02,
519,6.875000e-03,1.250000e-02,
520,7.500000e-03,1.125000e-02,
521,8.125000e-03,1.062500e-02,
522,8.125000e-03,9.374999e-03,
523,8.125000e-03,9.374999e-03,
524,8.125000e-03,8.750000e-03,
525,8.750000e-03,8.125000e-03,
526,9.374999e-03,6.875000e-03,
527,1.000000e-02,6.250000e-03,
528,1.125000e-02,5.625000e-03,
529,1.125000e-02,5.000000e-03,
530,1.187500e-02,3.125000e-03,
531,1.125000e-02,3.125000e-03,
532,1.125000e-02,2.500000e-03,
533,1.187500e-02,1.875000e-03,
534,1.250000e-02,1.250000e-03,
535,1.250000e-02,6.250000e-04,
536,1.250000e-02,0.000000e+00,
537,1.250000e-02,0.000000e+00,
538,1.250000e-02,0.000000e+00,
539,1.312500e-02,-6.250000e-04,
540,1.375000e-02,-1.250000e-03,
541,1.375000e-02,-1.250000e-03,
542,1.312500e-02,-1.250000e-03,
543,1.312500e-02,-1.875000e-03,
544,1.312500e-02,-1.250000e-03,
545,1.375000e-02,-1.250000e-03,
546,1.375000e-02,-1.250000e-03,
547,1.562500e-02,-1.250000e-03,
548,1.437500e-02,-2.500000e-03,
549,1.250000e-02,-1.250000e-03,
550,1.250000e-02,-6.250000e-04,
551,1.187500e-02,0.000000e+00,
552,1.187500e-02,1.250000e-03,
553,1.125000e-02,1.250000e-03,
554,1.062500e-02,1.875000e-03,
555,1.062500e-02,3.125000e-03,
556,1.125000e-02,4.375000e-03,
557,1.062500e-02,4.375000e-03,
558,1.000000e-02,5.625000e-03,
559,1.000000e-02,6.250000e-03,
560,9.374999e-03,7.500000e-03,
561,8.750000e-03,7.500000e-03,
562,8.750000e-03,8.125000e-03,
563,8.750000e-03,8.125000e-03,
564,8.125000e-03,9.374999e-03,
565,8.125000e-03,1.000000e-02,
566,7.500000e-03,1.062500e-02,
567,7.500000e-03,1.125000e-02,
568,7.500000e-03,1.187500e-02,
569,7.500000e-03,1.312500e-02,
570,6.875000e-03,1.375000e-02,
571,5.625000e-03,1.375000e-02,
572,6.250000e-03,1.500000e-02,
573,5.625000e-03,1.500000e-02,
574,3.750000e-03,1.625000e-02,
575,3.750000e-03,1.687500e-02,
576,5.000000e-03,1.750000e-02,
577,4.375000e-03,1.750000e-02,
578,3.125000e-03,1.750000e-02,
579,2.500000e-03,1.812500e-02,
580,2.500000e-03,1.875000e-02,
581,2.500000e-03,1.937500e-02,
582,3.125000e-03,1.875000e-02,
583,3.750000e-03,1.875000e-02,
584,3.750000e-03,1.875000e-02,
585,3.750000e-03,1.812500e-02,
586,3.750000e-03,1.875000e-02,
587,3.750000e-03,1.812500e-02,
588,3.750000e-03,1.812500e-02,
589,4.375000e-03,1.812500e-02,
590,4.375000e-03,1.750000e-02,
591,5.000000e-03,1.687500e-02,
592,5.625000e-03,1.687500e-02,
593,5.625000e-03,1.625000e-02,
594,5.000000e-03,1.562500e-02,
595,5.625000e-03,1.500000e-02,
596,6.250000e-03,1.437500e-02,
597,6.250000e-03,1.375000e-02,
598,6.250000e-03,1.312500e-02,
599,6.875000e-03,1.187500e-02,
600,7.500000e-03,1.187500e-02,
601,8.125000e-03,1.125000e-02,
602,8.125000e-03,1.062500e-02,
603,8.125000e-03,1.062500e-02,
604,8.750000e-03,1.000000e-02,
605,8.125000e-03,8.750000e-03,
606,8.125000e-03,8.125000e-03,
607,8.125000e-03,7.500000e-03,
608,8.750000e-03,6.875000e-03,
609,8.750000e-03,6.875000e-03,
610,8.125000e-03,6.250000e-03,
611,8.125000e-03,5.625000e-03,
612,8.125000e-03,5.625000e-03,
613,7.500000e-03,5.625000e-03,
614,8.750000e-03,5.625000e-03,
615,1.000000e-02,5.000000e-03,
616,1.125000e-02,3.750000e-03,
617,1.187500e-02,2.500000e-03,
618,1.187500e-02,1.875000e-03,
619,1.250000e-02,1.250000e-03,
620,1.250000e-02,6.250000e-04,
621,1.250000e-02,0.000000e+00,
622,1.250000e-02,0.000000e+00,
623,1.250000e-02,0.000000e+00,
624,1.312500e-02,-6.250000e-04,
625,1.312500e-02,0.000000e+00,
626,1.250000e-02,0.000000e+00,
627,1.250000e-02,-6.250000e-04,
628,1.250000e-02,0.000000e+00,
629,1.187500e-02,6.250000e-04,
630,1.187500e-02,1.250000e-03,
631,1.187500e-02,1.875000e-03,
632,1.187500e-02,1.875000e-03,
633,1.125000e-02,1.875000e-03,
634,1.125000e-02,3.125000e-03,
635,1.062500e-02,3.125000e-03,
636,1.000000e-02,4.375000e-03,
637,1.000000e-02,5.000000e-03,
638,8.750000e-03,5.625000e-03,
639,8.750000e-03,6.875000e-03,
640,9.374999e-03,7.500000e-03,
641,1.000000e-02,7.500000e-03,
642,8.125000e-03,8.125000e-03,
643,8.125000e-03,8.125000e-03,
644,6.250000e-03,9.374999e-03,
645,6.875000e-03,1.062500e-02,
646,6.875000e-03,1.125000e-02,
647,6.875000e-03,1.187500e-02,
648,6.875000e-03,1.250000e-02,
649,5.625000e-03,1.312500e-02,
650,5.000000e-03,1.375000e-02,
651,4.375000e-03,1.500000e-02,
652,4.375000e-03,1.562500e-02,
653,4.375000e-03,1.625000e-02,
654,4.375000e-03,1.687500e-02,
655,3.750000e-03,1.750000e-02,
656,3.750000e-03,1.812500e-02,
657,3.125000e-03,1.812500e-02,
658,3.125000e-03,1.875000e-02,
659,3.125000e-03,1.937500e-02,
660,3.125000e-03,1.937500e-02,
661,2.500000e-03,1.937500e-02,
662,2.500000e-03,1.937500e-02,
663,3.125000e-03,2.000000e-02,
664,2.500000e-03,1.937500e-02,
665,2.500000e-03,1.937500e-02,
666,2.500000e-03,1.937500e-02,
667,2.500000e-03,1.937500e-02,
668,2.500000e-03,1.937500e-02,
669,2.500000e-03,1.875000e-02,
670,3.125000e-03,1.875000e-02,
671,3.125000e-03,1.812500e-02,
672,3.125000e-03,1.750000e-02,
673,3.750000e-03,1.750000e-02,
674,4.375000e-03,1.687500e-02,
675,5.000000e-03,1.625000e-02,
676,5.000000e-03,1.562500e-02,
677,5.625000e-03,1.437500e-02,
678,5.625000e-03,1.375000e-02,
679,6.250000e-03,1.312500e-02,
680,6.250000e-03,1.250000e-02,
681,6.875000e-03,1.187500e-02,
682,6.875000e-03,1.125000e-02,
683,6.875000e-03,1.125000e-02,
684,7.500000e-03,1.062500e-02,
685,8.125000e-03,9.374999e-03,
686,8.750000e-03,8.750000e-03,
687,8.750000e-03,7.500000e-03,
688,9.374999e-03,6.875000e-03,
689,9.374999e-03,6.250000e-03,
690,9.374999e-03,5.625000e-03,
691,1.000000e-02,5.000000e-03,
692,1.062500e-02,4.375000e-03,
693,1.125000e-02,3.750000e-03,
694,1.187500e-02,3.125000e-03,
695,1.125000e-02,2.500000e-03,
696,1.125000e-02,1.875000e-03,
697,1.125000e-02,1.875000e-03,
698,1.187500e-02,1.250000e-03,
699,1.250000e-02,6.250000e-04,
700,1.250000e-02,6.250000e-04,
701,1.250000e-02,0.000000e+00,
702,1.312500e-02,0.000000e+00,
703,1.250000e-02,0.000000e+00,
704,1.187500e-02,0.000000e+00,
705,1.250000e-02,0.000000e+00,
706,1.250000e-02,0.000000e+00,
707,1.187500e-02,6.250000e-04,
708,1.187500e-02,6.250000e-04,
709,1.250000e-02,6.250000e-04,
710,1.250000e-02,1.250000e-03,
711,1.187500e-02,1.250000e-03,
712,1.125000e-02,1.875000e-03,
713,1.062500e-02,2.500000e-03,
714,1.062500e-02,3.125000e-03,
715,1.062500e-02,3.750000e-03,
716,1.062500e-02,4.375000e-03,
717,1.062500e-02,5.000000e-03,
718,1.000000e-02,5.625000e-03,
719,9.374999e-03,6.250000e-03,
720,8.750000e-03,6.875000e-03,
721,8.125000e-03,8.125000e-03,
722,8.125000e-03,8.750000e-03,
723,8.125000e-03,8.750000e-03,
724,7.500000e-03,9.374999e-03,
725,7.500000e-03,1.062500e-02,
726,6.250000e-03,1.125000e-02,
727,6.250000e-03,1.250000e-02,
728,6.250000e-03,1.312500e-02,
729,5.625000e-03,1.375000e-02,
730,4.375000e-03,1.500000e-02,
731,5.000000e-03,1.562500e-02,
732,5.000000e-03,1.562500e-02,
733,4.375000e-03,1.625000e-02,
734,3.750000e-03,1.687500e-02,
735,3.750000e-03,1.750000e-02,
736,3.750000e-03,1.875000e-02,
737,3.750000e-03,1.875000e-02,
738,3.750000e-03,1.812500e-02,
739,3.125000e-03,1.937500e-02,
740,2.500000e-03,1.937500e-02,
741,2.500000e-03,1.937500e-02,
742,2.500000e-03,2.000000e-02,
743,2.500000e-03,1.937500e-02,
744,2.500000e-03,2.000000e-02,
745,2.500000e-03,2.000000e-02,
746,2.500000e-03,1.937500e-02,
747,2.500000e-03,1.937500e-02,
748,3.125000e-03,1.937500e-02,
749,3.750000e-03,1.937500e-02,
750,3.750000e-03,1.875000e-02,
751,3.125000e-03,1.812500e-02,
752,3.750000e-03,1.750000e-02,
753,3.750000e-03,1.687500e-02,
754,3.125000e-03,1.687500e-02,
755,5.625000e-03,1.625000e-02,
756,5.625000e-03,1.500000e-02,
757,5.625000e-03,1.437500e-02,
758,6.250000e-03,1.375000e-02,
759,6.250000e-03,1.250000e-02,
760,6.250000e-03,1.187500e-02,
761,6.875000e-03,1.125000e-02,
762,7.500000e-03,1.062500e-02,
763,7.500000e-03,1.062500e-02,
764,7.500000e-03,9.374999e-03,
765,7.500000e-03,8.750000e-03,
766,8.125000e-03,8.125000e-03,
767,8.750000e-03,7.500000e-03,
768,8.750000e-03,6.875000e-03,
769,9.374999e-03,6.250000e-03,
770,9.374999e-03,5.625000e-03,
771,1.000000e-02,5.000000e-03,
772,1.000000e-02,3.750000e-03,
773,1.000000e-02,3.125000e-03,
774,1.187500e-02,2.500000e-03,
775,1.250000e-02,1.250000e-03,
776,1.125000e-02,1.250000e-03,
777,1.062500e-02,6.250000e-04,
778,1.187500e-02,6.250000e-04,
779,1.250000e-02,-6.250000e-04,
780,1.312500e-02,0.000000e+00,
781,1.312500e-02,-6.250000e-04,
782,1.250000e-02,-1.250000e-03,
783,1.187500e-02,-6.250000e-04,
784,1.187500e-02,0.000000e+00,
785,1.187500e-02,0.000000e+00,
786,1.250000e-02,6.250000e-04,
787,1.187500e-02,0.000000e+00,
788,1.250000e-02,6.250000e-04,
789,1.250000e-02,6.250000e-04,
790,1.125000e-02,6.250000e-04,
791,1.125000e-02,1.875000e-03,
792,1.125000e-02,2.500000e-03,
793,1.062500e-02,2.500000e-03,
794,1.062500e-02,3.125000e-03,
795,1.062500e-02,3.750000e-03,
796,1.000000e-02,4.375000e-03,
797,9.374999e-03,5.000000e-03,
798,9.374999e-03,5.000000e-03,
799,8.750000e-03,5.625000e-03,
800,8.750000e-03,7.500000e-03,
801,8.125000e-03,7.500000e-03,
802,8.125000e-03,8.125000e-03,
803,8.125000e-03,8.125000e-03,
804,8.125000e-03,9.374999e-03,
805,8.125000e-03,1.000000e-02,
806,8.125000e-03,1.062500e-02,
807,7.500000e-03,1.125000e-02,
808,8.125000e-03,1.187500e-02,
809,8.125000e-03,1.187500e-02,
810,8.125000e-03,1.250000e-02,
811,8.125000e-03,1.250000e-02,
812,8.125000e-03,1.250000e-02,
813,8.125000e-03,1.250000e-02,
814,7.500000e-03,1.312500e-02,
815,5.625000e-03,1.437500e-02,
816,4.375000e-03,1.500000e-02,
817,3.750000e-03,1.625000e-02,
818,3.750000e-03,1.687500e-02,
819,3.125000e-03,1.750000e-02,
820,3.125000e-03,1.812500e-02,
821,3.125000e-03,1.812500e-02,
822,2.500000e-03,1.875000e-02,
823,2.500000e-03,1.875000e-02,
824,2.500000e-03,1.875000e-02,
825,3.125000e-03,1.937500e-02,
826,3.750000e-03,1.937500e-02,
827,3.125000e-03,1.937500e-02,
828,3.125000e-03,1.875000e-02,
829,3.750000e-03,1.875000e-02,
830,3.750000e-03,1.812500e-02,
831,4.375000e-03,1.750000e-02,
832,4.375000e-03,1.812500e-02,
833,4.375000e-03,1.687500e-02,
834,5.000000e-03,1.687500e-02,
835,5.625000e-03,1.562500e-02,
836,5.625000e-03,1.500000e-02,
837,6.250000e-03,1.437500e-02,
838,6.250000e-03,1.312500e-02,
839,6.875000e-03,1.312500e-02,
840,6.250000e-03,1.187500e-02,
841,5.625000e-03,1.187500e-02,
842,7.500000e-03,1.062500e-02,
843,7.500000e-03,1.062500e-02,
844,8.125000e-03,1.000000e-02,
845,8.750000e-03,8.750000e-03,
846,8.750000e-03,8.125000e-03,
847,8.750000e-03,7.500000e-03,
848,9.374999e-03,6.875000e-03,
849,1.000000e-02,6.250000e-03,
850,1.000000e-02,5.000000e-03,
851,1.125000e-02,4.375000e-03,
852,1.125000e-02,3.750000e-03,
853,1.125000e-02,3.125000e-03,
854,1.125000e-02,2.500000e-03,
855,1.187500e-02,1.875000e-03,
856,1.187500e-02,1.250000e-03,
857,1.250000e-02,6.250000e-04,
858,1.250000e-02,6.250000e-04,
859,1.250000e-02,6.250000e-04,
860,1.312500e-02,0.000000e+00,
861,1.250000e-02,-6.250000e-04,
862,1.312500e-02,-6.250000e-04,
863,1.250000e-02,-1.250000e-03,
864,1.312500e-02,-6.250000e-04,
865,1.375000e-02,-6.250000e-04,
866,1.312500e-02,-6.250000e-04,
867,1.312500e-02,-6.250000e-04,
868,1.312500e-02,0.000000e+00,
869,1.312500e-02,0.000000e+00,
870,1.250000e-02,6.250000e-04,
871,1.250000e-02,6.250000e-04,
872,1.250000e-02,1.250000e-03,
873,1.250000e-02,1.875000e-03,
874,1.187500e-02,2.500000e-03,
875,1.125000e-02,3.125000e-03,
876,1.062500e-02,3.750000e-03,
877,1.062500e-02,4.375000e-03,
878,1.062500e-02,5.000000e-03,
879,1.000000e-02,6.250000e-03,
880,1.000000e-02,6.875000e-03,
881,9.374999e-03,7.500000e-03,
882,8.750000e-03,8.125000e-03,
883,8.750000e-03,8.125000e-03,
884,8.750000e-03,8.750000e-03,
885,8.125000e-03,9.374999e-03,
886,7.500000e-03,1.062500e-02,
887,6.875000e-03,1.125000e-02,
888,6.875000e-03,1.250000e-02,
889,6.875000e-03,1.312500e-02,
890,6.250000e-03,1.312500e-02,
891,6.250000e-03,1.375000e-02,
892,5.625000e-03,1.437500e-02,
893,5.000000e-03,1.562500e-02,
894,4.375000e-03,1.625000e-02,
895,5.000000e-03,1.687500e-02,
896,5.000000e-03,1.750000e-02,
897,5.000000e-03,1.750000e-02,
898,4.375000e-03,1.750000e-02,
899,3.750000e-03,1.812500e-02,
900,3.750000e-03,1.875000e-02,
901,3.750000e-03,1.875000e-02,
902,3.750000e-03,1.875000e-02,
903,3.750000e-03,1.937500e-02,
904,4.375000e-03,1.937500e-02,
905,3.750000e-03,1.937500e-02,
906,3.750000e-03,1.937500e-02,
907,4.375000e-03,1.875000e-02,
908,4.375000e-03,1.875000e-02,
909,3.125000e-03,1.812500e-02,
910,3.750000e-03,1.812500e-02,
911,4.375000e-03,1.812500e-02,
912,5.000000e-03,1.687500e-02,
913,5.000000e-03,1.625000e-02,
914,5.000000e-03,1.562500e-02,
915,5.625000e-03,1.562500e-02,
916,5.625000e-03,1.500000e-02,
917,5.625000e-03,1.437500e-02,
918,6.250000e-03,1.312500e-02,
919,6.250000e-03,1.250000e-02,
920,7.500000e-03,1.187500e-02,
921,8.125000e-03,1.125000e-02,
922,8.125000e-03,1.062500e-02,
923,8.125000e-03,1.062500e-02,
924,8.125000e-03,9.374999e-03,
925,8.750000e-03,8.750000e-03,
926,8.750000e-03,8.125000e-03,
927,1.000000e-02,7.500000e-03,
928,1.062500e-02,6.250000e-03,
929,1.062500e-02,5.000000e-03,
930,1.250000e-02,4.375000e-03,
931,1.125000e-02,3.125000e-03,
932,1.125000e-02,3.125000e-03,
933,1.187500e-02,2.500000e-03,
934,1.250000e-02,1.875000e-03,
935,1.250000e-02,1.875000e-03,
936,1.312500e-02,6.250000e-04,
937,1.250000e-02,0.000000e+00,
938,1.312500e-02,6.250000e-04,
939,1.375000e-02,0.000000e+00,
940,1.375000e-02,-6.250000e-04,
941,1.437500e-02,-1.250000e-03,
942,1.375000e-02,-1.250000e-03,
943,1.375000e-02,-1.250000e-03,
944,1.375000e-02,-1.250000e-03,
945,1.375000e-02,-1.250000e-03,
946,1.375000e-02,-1.250000e-03,
947,1.375000e-02,-1.250000e-03,
948,1.312500e-02,-1.250000e-03,
949,1.312500e-02,0.000000e+00,
950,1.312500e-02,6.250000e-04,
951,1.312500e-02,6.250000e-04,
952,1.312500e-02,6.250000e-04,
953,1.187500e-02,1.250000e-03,
954,1.125000e-02,1.875000e-03,
955,1.187500e-02,3.125000e-03,
956,1.125000e-02,3.750000e-03,
957,1.125000e-02,4.375000e-03,
958,1.062500e-02,5.000000e-03,
959,1.000000e-02,5.625000e-03,
960,1.000000e-02,6.250000e-03,
961,9.374999e-03,6.875000e-03,
962,8.750000e-03,7.500000e-03,
963,8.750000e-03,7.500000e-03,
964,8.750000e-03,8.750000e-03,
965,8.750000e-03,9.374999e-03,
966,8.125000e-03,1.000000e-02,
967,8.125000e-03,1.125000e-02,
968,7.500000e-03,1.187500e-02,
969,6.875000e-03,1.250000e-02,
970,6.875000e-03,1.312500e-02,
971,7.500000e-03,1.312500e-02,
972,9.374999e-03,1.312500e-02,
973,5.625000e-03,1.375000e-02,
974,3.750000e-03,1.500000e-02,
975,3.750000e-03,1.625000e-02,
976,4.375000e-03,1.750000e-02,
977,5.000000e-03,1.750000e-02,
978,4.375000e-03,1.750000e-02,
979,3.125000e-03,1.812500e-02,
980,3.125000e-03,1.875000e-02,
981,3.125000e-03,1.937500e-02,
982,2.500000e-03,1.937500e-02,
983,3.750000e-03,1.937500e-02,
984,3.750000e-03,1.875000e-02,
985,4.375000e-03,1.875000e-02,
986,3.750000e-03,1.812500e-02,
987,3.750000e-03,1.812500e-02,
988,3.750000e-03,1.812500e-02,
989,3.750000e-03,1.812500e-02,
990,4.375000e-03,1.687500e-02,
991,4.375000e-03,1.687500e-02,
992,5.000000e-03,1.687500e-02,
993,5.625000e-03,1.625000e-02,
994,5.000000e-03,1.562500e-02,
995,5.000000e-03,1.500000e-02,
996,5.625000e-03,1.500000e-02,
997,6.250000e-03,1.375000e-02,
998,6.250000e-03,1.250000e-02,
999,6.250000e-03,1.187500e-02,
1000,6.875000e-03,1.187500e-02,
1001,7.500000e-03,1.125000e-02,
1002,7.500000e-03,1.000000e-02,
1003,7.500000e-03,1.000000e-02,
1004,7.500000e-03,9.374999e-03,
1005,8.125000e-03,8.750000e-03,
1006,8.125000e-03,8.125000e-03,
1007,8.125000e-03,7.500000e-03,
1008,8.125000e-03,7.500000e-03,
1009,8.750000e-03,6.875000e-03,
1010,8.125000e-03,6.250000e-03,
1011,8.125000e-03,6.250000e-03,
1012,8.125000e-03,6.250000e-03,
1013,7.500000e-03,5.625000e-03,
1014,8.750000e-03,5.625000e-03,
1015,1.000000e-02,5.000000e-03,
1016,1.125000e-02,3.750000e-03,
1017,1.250000e-02,3.125000e-03,
1018,1.187500e-02,1.875000e-03,
1019,1.187500e-02,1.250000e-03,
1020,1.250000e-02,6.250000e-04,
1021,1.250000e-02,0.000000e+00,
1022,1.312500e-02,0.000000e+00,
1023,1.312500e-02,-6.250000e-04,
1024,1.250000e-02,-6.250000e-04,
1025,1.250000e-02,0.000000e+00,
1026,1.312500e-02,0.000000e+00,
1027,1.312500e-02,0.000000e+00,
1028,1.312500e-02,0.000000e+00,
1029,1.250000e-02,0.000000e+00,
1030,1.187500e-02,6.250000e-04,
1031,1.187500e-02,1.250000e-03,
1032,1.187500e-02,1.250000e-03,
1033,1.187500e-02,1.875000e-03,
1034,1.062500e-02,1.875000e-03,
1035,1.000000e-02,3.125000e-03,
1036,1.000000e-02,3.750000e-03,
1037,9.374999e-03,4.375000e-03,
1038,9.374999e-03,5.000000e-03,
1039,8.750000e-03,6.250000e-03,
1040,9.374999e-03,7.500000e-03,
1041,1.000000e-02,7.500000e-03,
1042,8.125000e-03,7.500000e-03,
1043,8.125000e-03,7.500000e-03,
1044,6.250000e-03,8.750000e-03,
1045,6.875000e-03,1.000000e-02,
1046,7.500000e-03,1.062500e-02,
1047,6.875000e-03,1.125000e-02,
1048,6.875000e-03,1.125000e-02,
1049,6.250000e-03,1.250000e-02,
1050,5.000000e-03,1.312500e-02,
1051,5.000000e-03,1.375000e-02,
1052,4.375000e-03,1.437500e-02,
1053,4.375000e-03,1.500000e-02,
1054,4.375000e-03,1.625000e-02,
1055,3.750000e-03,1.625000e-02,
1056,3.125000e-03,1.687500e-02,
1057,3.125000e-03,1.812500e-02,
1058,2.500000e-03,1.812500e-02,
1059,2.500000e-03,1.812500e-02,
1060,2.500000e-03,1.875000e-02,
1061,2.500000e-03,1.875000e-02,
1062,2.500000e-03,1.937500e-02,
1063,2.500000e-03,1.937500e-02,
1064,1.875000e-03,1.937500e-02,
1065,1.875000e-03,1.937500e-02,
1066,2.500000e-03,1.937500e-02,
1067,1.875000e-03,1.937500e-02,
1068,2.500000e-03,1.875000e-02,
1069,1.875000e-03,1.875000e-02,
1070,2.500000e-03,1.875000e-02,
1071,3.125000e-03,1.812500e-02,
1072,3.125000e-03,1.750000e-02,
1073,3.125000e-03,1.750000e-02,
1074,3.750000e-03,1.687500e-02,
1075,3.750000e-03,1.625000e-02,
1076,4.375000e-03,1.562500e-02,
1077,4.375000e-03,1.437500e-02,
1078,5.000000e-03,1.375000e-02,
1079,5.625000e-03,1.312500e-02,
1080,5.625000e-03,1.187500e-02,
1081,6.250000e-03,1.187500e-02,
1082,6.250000e-03,1.062500e-02,
1083,6.250000e-03,1.062500e-02,
1084,6.250000e-03,1.000000e-02,
1085,7.500000e-03,9.374999e-03,
1086,7.500000e-03,8.125000e-03,
1087,8.125000e-03,7.500000e-03,
1088,8.750000e-03,6.875000e-03,
1089,8.750000e-03,6.250000e-03,
1090,8.750000e-03,5.625000e-03,
1091,8.750000e-03,5.000000e-03,
1092,9.374999e-03,4.375000e-03,
1093,1.000000e-02,3.125000e-03,
1094,1.062500e-02,2.500000e-03,
1095,1.000000e-02,1.875000e-03,
1096,1.062500e-02,1.875000e-03,
1097,1.062500e-02,1.875000e-03,
1098,1.125000e-02,1.250000e-03,
1099,1.187500e-02,1.250000e-03,
1100,1.187500e-02,6.250000e-04,
1101,1.125000e-02,0.000000e+00,
1102,1.187500e-02,0.000000e+00,
1103,1.125000e-02,-6.250000e-04,
1104,1.125000e-02,0.000000e+00,
1105,1.187500e-02,0.000000e+00,
1106,1.187500e-02,0.000000e+00,
1107,1.125000e-02,6.250000e-04,
1108,1.125000e-02,6.250000e-04,
1109,1.187500e-02,6.250000e-04,
1110,1.187500e-02,6.250000e-04,
1111,1.125000e-02,1.250000e-03,
1112,1.125000e-02,1.250000e-03,
1113,1.062500e-02,1.875000e-03,
1114,1.000000e-02,3.125000e-03,
1115,1.000000e-02,3.125000e-03,
1116,1.000000e-02,3.750000e-03,
1117,1.000000e-02,4.375000e-03,
1118,1.000000e-02,5.625000e-03,
1119,9.374999e-03,6.250000e-03,
1120,8.750000e-03,6.875000e-03,
1121,7.500000e-03,7.500000e-03,
1122,7.500000e-03,8.125000e-03,
1123,7.500000e-03,8.125000e-03,
1124,7.500000e-03,9.374999e-03,
1125,6.875000e-03,1.000000e-02,
1126,5.625000e-03,1.062500e-02,
1127,5.625000e-03,1.187500e-02,
1128,6.250000e-03,1.312500e-02,
1129,5.000000e-03,1.312500e-02,
1130,3.750000e-03,1.437500e-02,
1131,4.375000e-03,1.500000e-02,
1132,5.000000e-03,1.562500e-02,
1133,4.375000e-03,1.625000e-02,
1134,3.125000e-03,1.625000e-02,
1135,3.125000e-03,1.750000e-02,
1136,3.125000e-03,1.812500e-02,
1137,3.125000e-03,1.812500e-02,
1138,3.125000e-03,1.875000e-02,
1139,2.500000e-03,1.875000e-02,
1140,1.875000e-03,1.937500e-02,
1141,1.875000e-03,2.000000e-02,
1142,1.875000e-03,2.000000e-02,
1143,2.500000e-03,2.000000e-02,
1144,1.875000e-03,2.000000e-02,
1145,1.875000e-03,2.000000e-02,
1146,1.875000e-03,2.000000e-02,
1147,1.875000e-03,2.000000e-02,
1148,1.875000e-03,1.937500e-02,
1149,2.500000e-03,1.937500e-02,
1150,3.125000e-03,1.875000e-02,
1151,3.125000e-03,1.812500e-02,
1152,3.125000e-03,1.812500e-02,
1153,3.750000e-03,1.750000e-02,
1154,4.375000e-03,1.687500e-02,
1155,4.375000e-03,1.625000e-02,
1156,4.375000e-03,1.562500e-02,
1157,5.000000e-03,1.500000e-02,
1158,5.625000e-03,1.500000e-02,
1159,5.625000e-03,1.375000e-02,
1160,6.250000e-03,1.312500e-02,
1161,6.250000e-03,1.250000e-02,
1162,6.250000e-03,1.187500e-02,
1163,6.250000e-03,1.187500e-02,
1164,6.875000e-03,1.125000e-02,
1165,7.500000e-03,1.000000e-02,
1166,8.125000e-03,9.374999e-03,
1167,8.125000e-03,8.125000e-03,
1168,7.500000e-03,7.500000e-03,
1169,8.125000e-03,6.875000e-03,
1170,8.750000e-03,6.875000e-03,
1171,8.750000e-03,5.625000e-03,
1172,9.374999e-03,5.000000e-03,
1173,1.000000e-02,4.375000e-03,
1174,1.125000e-02,3.125000e-03,
1175,1.187500e-02,2.500000e-03,
1176,1.125000e-02,1.875000e-03,
1177,1.000000e-02,1.875000e-03,
1178,1.187500e-02,1.250000e-03,
1179,1.250000e-02,1.250000e-03,
1180,1.250000e-02,0.000000e+00,
1181,1.250000e-02,0.000000e+00,
1182,1.187500e-02,-6.250000e-04,
1183,1.187500e-02,-6.250000e-04,
1184,1.125000e-02,0.000000e+00,
1185,1.187500e-02,6.250000e-04,
1186,1.187500e-02,0.000000e+00,
1187,1.187500e-02,6.250000e-04,
1188,1.187500e-02,6.250000e-04,
1189,1.187500e-02,1.250000e-03,
1190,1.187500e-02,1.875000e-03,
1191,1.125000e-02,2.500000e-03,
1192,1.125000e-02,2.500000e-03,
1193,1.125000e-02,2.500000e-03,
1194,1.062500e-02,3.125000e-03,
1195,1.062500e-02,3.750000e-03,
1196,1.062500e-02,4.375000e-03,
1197,1.000000e-02,5.000000e-03,
1198,9.374999e-03,5.000000e-03,
1199,8.750000e-03,5.625000e-03,
1200,8.750000e-03,6.875000e-03,
1201,8.750000e-03,8.125000e-03,
1202,8.750000e-03,8.125000e-03,
1203,8.750000e-03,8.125000e-03,
1204,8.125000e-03,8.750000e-03,
1205,7.500000e-03,9.374999e-03,
1206,7.500000e-03,1.062500e-02,
1207,8.125000e-03,1.125000e-02,
1208,8.125000e-03,1.187500e-02,
1209,7.500000e-03,1.187500e-02,
1210,8.125000e-03,1.250000e-02,
1211,8.125000e-03,1.250000e-02,
1212,8.125000e-03,1.312500e-02,
1213,8.125000e-03,1.312500e-02,
1214,7.500000e-03,1.312500e-02,
1215,6.875000e-03,1.375000e-02,
1216,5.000000e-03,1.500000e-02,
1217,3.750000e-03,1.625000e-02,
1218,3.750000e-03,1.687500e-02,
1219,3.750000e-03,1.750000e-02,
1220,3.750000e-03,1.812500e-02,
1221,3.125000e-03,1.812500e-02,
1222,1.875000e-03,1.875000e-02,
1223,1.875000e-03,2.062500e-02,
1224,2.500000e-03,2.000000e-02,
1225,3.125000e-03,2.000000e-02,
1226,3.125000e-03,1.937500e-02,
1227,2.500000e-03,1.937500e-02,
1228,3.125000e-03,1.937500e-02,
1229,3.750000e-03,1.937500e-02,
1230,3.750000e-03,1.875000e-02,
1231,3.750000e-03,1.812500e-02,
1232,4.375000e-03,1.750000e-02,
1233,4.375000e-03,1.750000e-02,
1234,4.375000e-03,1.687500e-02,
1235,5.000000e-03,1.562500e-02,
1236,5.000000e-03,1.500000e-02,
1237,5.625000e-03,1.500000e-02,
1238,6.250000e-03,1.375000e-02,
1239,6.875000e-03,1.312500e-02,
1240,6.250000e-03,1.250000e-02,
1241,5.625000e-03,1.250000e-02,
1242,6.875000e-03,1.187500e-02,
1243,6.875000e-03,1.187500e-02,
1244,8.750000e-03,1.062500e-02,
1245,8.750000e-03,9.374999e-03,
1246,8.750000e-03,9.374999e-03,
1247,8.750000e-03,8.125000e-03,
1248,8.750000e-03,7.500000e-03,
1249,9.374999e-03,6.875000e-03,
1250,1.000000e-02,6.250000e-03,
1251,1.062500e-02,5.000000e-03,
1252,1.125000e-02,4.375000e-03,
1253,1.125000e-02,3.750000e-03,
1254,1.187500e-02,3.125000e-03,
1255,1.187500e-02,2.500000e-03,
1256,1.250000e-02,1.875000e-03,
1257,1.250000e-02,1.250000e-03,
1258,1.250000e-02,0.000000e+00,
1259,1.312500e-02,6.250000e-04,
1260,1.312500e-02,6.250000e-04,
1261,1.312500e-02,0.000000e+00,
1262,1.312500e-02,0.000000e+00,
1263,1.312500e-02,-6.250000e-04,
1264,1.312500e-02,-6.250000e-04,
1265,1.375000e-02,-6.250000e-04,
1266,1.312500e-02,-1.250000e-03,
1267,1.312500e-02,-6.250000e-04,
1268,1.312500e-02,-6.250000e-04,
1269,1.312500e-02,-6.250000e-04,
1270,1.312500e-02,0.000000e+00,
1271,1.250000e-02,6.250000e-04,
1272,1.250000e-02,6.250000e-04,
1273,1.250000e-02,1.250000e-03,
1274,1.187500e-02,1.875000e-03,
1275,1.187500e-02,2.500000e-03,
1276,1.125000e-02,3.125000e-03,
1277,1.062500e-02,3.750000e-03,
1278,1.062500e-02,5.000000e-03,
1279,1.000000e-02,5.625000e-03,
1280,1.000000e-02,6.250000e-03,
1281,1.000000e-02,6.875000e-03,
1282,1.000000e-02,8.125000e-03,
1283,1.000000e-02,8.125000e-03,
1284,9.374999e-03,8.750000e-03,
1285,8.750000e-03,9.374999e-03,
1286,8.125000e-03,1.000000e-02,
1287,7.500000e-03,1.062500e-02,
1288,6.875000e-03,1.187500e-02,
1289,6.875000e-03,1.250000e-02,
1290,6.875000e-03,1.312500e-02,
1291,6.875000e-03,1.437500e-02,
1292,6.250000e-03,1.437500e-02,
1293,5.000000e-03,1.562500e-02,
1294,5.000000e-03,1.625000e-02,
1295,5.000000e-03,1.625000e-02,
1296,5.625000e-03,1.750000e-02,
1297,5.000000e-03,1.750000e-02,
1298,4.375000e-03,1.750000e-02,
1299,4.375000e-03,1.875000e-02,
1300,3.750000e-03,1.875000e-02,
1301,3.750000e-03,1.875000e-02,
1302,3.750000e-03,1.937500e-02,
1303,3.750000e-03,1.937500e-02,
1304,3.750000e-03,1.937500e-02,
1305,4.375000e-03,1.937500e-02,
1306,3.750000e-03,1.937500e-02,
1307,4.375000e-03,1.937500e-02,
1308,4.375000e-03,1.875000e-02,
1309,3.125000e-03,1.812500e-02,
1310,3.750000e-03,1.875000e-02,
1311,3.750000e-03,1.812500e-02,
1312,5.000000e-03,1.750000e-02,
1313,5.000000e-03,1.750000e-02,
1314,5.000000e-03,1.625000e-02,
1315,5.000000e-03,1.562500e-02,
1316,5.000000e-03,1.562500e-02,
1317,5.000000e-03,1.437500e-02,
1318,6.250000e-03,1.437500e-02,
1319,6.250000e-03,1.375000e-02,
1320,6.875000e-03,1.312500e-02,
1321,7.500000e-03,1.187500e-02,
1322,7.500000e-03,1.062500e-02,
1323,7.500000e-03,1.062500e-02,
1324,7.500000e-03,1.000000e-02,
1325,8.125000e-03,1.000000e-02,
1326,8.750000e-03,8.750000e-03,
1327,1.125000e-02,7.500000e-03,
1328,1.125000e-02,6.250000e-03,
1329,9.374999e-03,5.625000e-03,
1330,1.062500e-02,5.000000e-03,
1331,1.125000e-02,3.750000e-03,
1332,1.062500e-02,3.125000e-03,
1333,1.125000e-02,3.125000e-03,
1334,1.187500e-02,2.500000e-03,
1335,1.187500e-02,1.875000e-03,
1336,1.250000e-02,6.250000e-04,
1337,1.250000e-02,6.250000e-04,
1338,1.187500e-02,0.000000e+00,
1339,1.250000e-02,0.000000e+00,
1340,1.375000e-02,-6.250000e-04,
1341,1.375000e-02,-1.250000e-03,
1342,1.312500e-02,-1.250000e-03,
1343,1.312500e-02,-1.250000e-03,
1344,1.312500e-02,-1.250000e-03,
1345,1.312500e-02,-1.250000e-03,
1346,1.375000e-02,-1.250000e-03,
1347,1.375000e-02,-1.250000e-03,
1348,1.437500e-02,-1.250000e-03,
1349,1.312500e-02,-1.250000e-03,
1350,1.250000e-02,0.000000e+00,
1351,1.312500e-02,6.250000e-04,
1352,1.250000e-02,6.250000e-04,
1353,1.187500e-02,1.250000e-03,
1354,1.125000e-02,1.875000e-03,
1355,1.125000e-02,2.500000e-03,
1356,1.062500e-02,3.125000e-03,
1357,1.125000e-02,4.375000e-03,
1358,1.062500e-02,4.375000e-03,
1359,1.000000e-02,5.625000e-03,
1360,1.000000e-02,6.250000e-03,
1361,1.000000e-02,7.500000e-03,
1362,9.374999e-03,7.500000e-03,
1363,9.374999e-03,7.500000e-03,
1364,9.374999e-03,8.125000e-03,
1365,8.750000e-03,8.750000e-03,
1366,8.125000e-03,1.000000e-02,
1367,8.125000e-03,1.062500e-02,
1368,7.500000e-03,1.125000e-02,
1369,7.500000e-03,1.187500e-02,
1370,6.875000e-03,1.250000e-02,
1371,6.250000e-03,1.312500e-02,
1372,6.250000e-03,1.375000e-02,
1373,5.625000e-03,1.437500e-02,
1374,4.375000e-03,1.500000e-02,
1375,3.750000e-03,1.687500e-02,
1376,4.375000e-03,1.687500e-02,
1377,5.000000e-03,1.687500e-02,
1378,3.750000e-03,1.687500e-02,
1379,3.125000e-03,1.812500e-02,
1380,3.125000e-03,1.875000e-02,
1381,2.500000e-03,1.937500e-02,
1382,3.125000e-03,1.875000e-02,
1383,4.375000e-03,2.000000e-02,
1384,4.375000e-03,1.937500e-02,
1385,3.750000e-03,1.875000e-02,
1386,3.750000e-03,1.875000e-02,
1387,3.750000e-03,1.875000e-02,
1388,3.750000e-03,1.812500e-02,
1389,3.750000e-03,1.875000e-02,
1390,4.375000e-03,1.812500e-02,
1391,4.375000e-03,1.750000e-02,
1392,4.375000e-03,1.687500e-02,
1393,5.000000e-03,1.625000e-02,
1394,5.000000e-03,1.625000e-02,
1395,5.000000e-03,1.562500e-02,
1396,5.000000e-03,1.500000e-02,
1397,6.250000e-03,1.500000e-02,
1398,6.250000e-03,1.437500e-02,
1399,6.250000e-03,1.312500e-02,
